color,prop
#050309,0.260171428571429
#5C6279,0.0841734693877551
#992B13,0.0654775510204082
#E29C89,0.191989795918367
#F8F7F9,0.398187755102041
